channel,total_sessions,purchasing_sessions,conversion_rate
paid_social,2370,265,0.11181434599156118
paid_search,2417,269,0.11129499379395945
email,2339,255,0.10902094912355707
organic,2387,247,0.10347716799329702
referral,2487,254,0.10213108162444713
