channel,total_sessions,purchasing_sessions,conversion_rate
paid_social,781,102,0.13060179257362356
paid_search,804,93,0.11567164179104478
organic,812,87,0.10714285714285714
referral,809,81,0.10012360939431397
email,794,77,0.09697732997481108
