channel,orders,aov,revenue
referral,3840,67.27749218749986,258345.56999999945
paid_social,3756,66.71800585729495,250592.82999999984
email,3799,66.61030271123978,253052.53999999995
paid_search,3832,66.52843684759911,254936.96999999977
organic,3821,66.02950536508753,252298.73999999944
