channel,orders,aov,revenue
organic,5995,68.00438365304446,407686.28000000154
referral,6288,67.98783874045809,427507.5300000005
paid_search,6126,67.89954946131262,415952.6400000011
paid_social,6012,67.40341816367281,405229.3500000009
email,5866,67.31627344016364,394877.2599999999
